[
  {
    "value": "Managua",
    "synonyms": [
      "Managua",
      "1. Managua",
      "1",
      "uno",
      "primera opcion"
    ]
  },
  {
    "value": "Buenos Aires",
    "synonyms": [
      "Buenos Aires",
      "2. Buenos Aires",
      "2",
      "Dos",
      "Segunda Opcion",
      "Opcion dos"
    ]
  },
  {
    "value": "Santiago",
    "synonyms": [
      "Santiago",
      "3. Santiago",
      "3",
      "Tres",
      "Opcion tres",
      "Tercera Opcion"
    ]
  },
  {
    "value": "Medellín",
    "synonyms": [
      "Medellín",
      "4. Medellín",
      "4",
      "cuatro",
      "Opcion cuatro",
      "Cuarta Opcion"
    ]
  },
  {
    "value": "Perú",
    "synonyms": [
      "Perú",
      "5. Perú",
      "5",
      "Cinco",
      "Opcion cinco",
      "Quinta opcion"
    ]
  }
]