[
  {
    "id": "1cca2395-eade-4103-933e-e1e9ea37ce6c",
    "data": [
      {
        "text": "3",
        "userDefined": false
      }
    ],
    "isTemplate": false,
    "count": 0,
    "lang": "es",
    "updated": 0
  },
  {
    "id": "226f6274-3072-47a2-9d7a-3865d6ac9085",
    "data": [
      {
        "text": "Opción tres",
        "userDefined": false
      }
    ],
    "isTemplate": false,
    "count": 0,
    "lang": "es",
    "updated": 0
  },
  {
    "id": "a6385479-1526-4781-a664-ed06903736d3",
    "data": [
      {
        "text": "tres",
        "userDefined": false
      }
    ],
    "isTemplate": false,
    "count": 0,
    "lang": "es",
    "updated": 0
  },
  {
    "id": "fb5fa912-23db-4bc2-a2b4-6640a7615423",
    "data": [
      {
        "text": "Hablar con ",
        "userDefined": false
      },
      {
        "text": "un",
        "userDefined": false
      },
      {
        "text": " asesor",
        "userDefined": false
      }
    ],
    "isTemplate": false,
    "count": 0,
    "lang": "es",
    "updated": 0
  },
  {
    "id": "ee221839-8cf7-44b3-8f35-210a8def5f51",
    "data": [
      {
        "text": "3",
        "userDefined": false
      },
      {
        "text": ". Hablar con ",
        "userDefined": false
      },
      {
        "text": "un",
        "userDefined": false
      },
      {
        "text": " asesor",
        "userDefined": false
      }
    ],
    "isTemplate": false,
    "count": 0,
    "lang": "es",
    "updated": 0
  }
]