[
  {
    "id": "73327188-503c-4ead-9d2f-3c067c38d740",
    "data": [
      {
        "text": "2",
        "userDefined": false
      }
    ],
    "isTemplate": false,
    "count": 0,
    "lang": "es",
    "updated": 0
  },
  {
    "id": "13c5fd0d-2de2-402a-b4c9-280dbd6dee2d",
    "data": [
      {
        "text": "Opción ",
        "userDefined": false
      },
      {
        "text": "2",
        "userDefined": false
      }
    ],
    "isTemplate": false,
    "count": 0,
    "lang": "es",
    "updated": 0
  },
  {
    "id": "8b627e83-5741-4e99-a927-6ef0d7023563",
    "data": [
      {
        "text": "Opción dos",
        "userDefined": false
      }
    ],
    "isTemplate": false,
    "count": 0,
    "lang": "es",
    "updated": 0
  },
  {
    "id": "566a6e3d-6314-4f35-8cd5-84a22fc05e90",
    "data": [
      {
        "text": "Medios de Pago",
        "userDefined": false
      }
    ],
    "isTemplate": false,
    "count": 0,
    "lang": "es",
    "updated": 0
  },
  {
    "id": "dcdaad40-3a29-4b51-b0cd-5a80c8205343",
    "data": [
      {
        "text": "2",
        "userDefined": false
      },
      {
        "text": ". Medios de Pago",
        "userDefined": false
      }
    ],
    "isTemplate": false,
    "count": 0,
    "lang": "es",
    "updated": 0
  }
]