[
  {
    "id": "ec30fe03-23c2-415d-a302-80f71c710e6a",
    "data": [
      {
        "text": "Uno",
        "userDefined": false
      }
    ],
    "isTemplate": false,
    "count": 0,
    "lang": "es",
    "updated": 0
  },
  {
    "id": "a674ea1b-7c70-42ab-9f12-393a9c1c75e2",
    "data": [
      {
        "text": "Opción ",
        "userDefined": false
      },
      {
        "text": "uno",
        "userDefined": false
      }
    ],
    "isTemplate": false,
    "count": 0,
    "lang": "es",
    "updated": 0
  },
  {
    "id": "fa0402d2-d845-4e67-9032-1e4df3389d3d",
    "data": [
      {
        "text": "1",
        "userDefined": false
      }
    ],
    "isTemplate": false,
    "count": 0,
    "lang": "es",
    "updated": 0
  },
  {
    "id": "3ea2bbfe-6017-4375-948b-2856bcf68e01",
    "data": [
      {
        "text": "Horarios y sucursales",
        "userDefined": false
      }
    ],
    "isTemplate": false,
    "count": 0,
    "lang": "es",
    "updated": 0
  },
  {
    "id": "9b2ff853-9c81-4615-aeec-da2381e3a2de",
    "data": [
      {
        "text": "1",
        "userDefined": false
      },
      {
        "text": ". Horarios y sucursales",
        "userDefined": false
      }
    ],
    "isTemplate": false,
    "count": 0,
    "lang": "es",
    "updated": 0
  }
]