[
  {
    "id": "1c1c33c3-cde3-4822-afbf-905b681591fb",
    "data": [
      {
        "text": "Mi",
        "userDefined": false
      },
      {
        "text": " nombre es ",
        "userDefined": false
      },
      {
        "text": "Stefany",
        "meta": "@sys.person",
        "alias": "Name",
        "userDefined": true
      }
    ],
    "isTemplate": false,
    "count": 0,
    "lang": "es",
    "updated": 0
  },
  {
    "id": "8f4eb013-210a-4fe9-b09f-3f57bd94596d",
    "data": [
      {
        "text": "Stefany",
        "meta": "@sys.person",
        "alias": "Name",
        "userDefined": true
      },
      {
        "text": " ",
        "userDefined": false
      },
      {
        "text": "Bravo",
        "meta": "@sys.person",
        "alias": "Name",
        "userDefined": true
      }
    ],
    "isTemplate": false,
    "count": 0,
    "lang": "es",
    "updated": 0
  },
  {
    "id": "1beb2990-dd95-4d03-92eb-5c715cd1e34d",
    "data": [
      {
        "text": "Kenia",
        "meta": "@sys.person",
        "alias": "Name",
        "userDefined": true
      }
    ],
    "isTemplate": false,
    "count": 0,
    "lang": "es",
    "updated": 0
  },
  {
    "id": "786a9587-d74d-4b74-abf8-527fe309649d",
    "data": [
      {
        "text": "Me llamo ",
        "userDefined": false
      },
      {
        "text": "Kenia",
        "meta": "@sys.person",
        "alias": "Name",
        "userDefined": true
      }
    ],
    "isTemplate": false,
    "count": 0,
    "lang": "es",
    "updated": 0
  },
  {
    "id": "63f1a0c3-343d-4298-a351-3a9df9af0b5a",
    "data": [
      {
        "text": "Soy ",
        "userDefined": false
      },
      {
        "text": "Kenia",
        "meta": "@sys.person",
        "alias": "Name",
        "userDefined": true
      }
    ],
    "isTemplate": false,
    "count": 0,
    "lang": "es",
    "updated": 0
  }
]