[
  {
    "id": "14b2dea1-0af7-4126-a615-b4455c7d81d4",
    "data": [
      {
        "text": "2",
        "userDefined": false
      }
    ],
    "isTemplate": false,
    "count": 1,
    "lang": "es",
    "updated": 0
  },
  {
    "id": "d3f7ba24-5a40-456d-b2cb-8069b98bcd24",
    "data": [
      {
        "text": "Número ",
        "userDefined": false
      },
      {
        "text": "dos",
        "userDefined": false
      }
    ],
    "isTemplate": false,
    "count": 0,
    "lang": "es",
    "updated": 0
  },
  {
    "id": "66ee0ffc-ec14-407b-be0a-87c403069662",
    "data": [
      {
        "text": "Dos",
        "userDefined": false
      }
    ],
    "isTemplate": false,
    "count": 0,
    "lang": "es",
    "updated": 0
  },
  {
    "id": "cf597e9f-9cb5-47db-909f-693b46587a36",
    "data": [
      {
        "text": "Opción dos",
        "userDefined": false
      }
    ],
    "isTemplate": false,
    "count": 0,
    "lang": "es",
    "updated": 0
  },
  {
    "id": "13f6f344-5417-4a98-8782-d787d872d383",
    "data": [
      {
        "text": "No",
        "userDefined": false
      }
    ],
    "isTemplate": false,
    "count": 0,
    "lang": "es",
    "updated": 0
  },
  {
    "id": "bba3c545-0cc2-4447-8fdb-a256ed53d4fe",
    "data": [
      {
        "text": "2",
        "userDefined": false
      },
      {
        "text": ". No",
        "userDefined": false
      }
    ],
    "isTemplate": false,
    "count": 0,
    "lang": "es",
    "updated": 0
  }
]