[
  {
    "id": "42465e12-71c7-4b98-b5a6-6ca41cf9b3bf",
    "data": [
      {
        "text": "Tres",
        "userDefined": false
      }
    ],
    "isTemplate": false,
    "count": 0,
    "lang": "es",
    "updated": 0
  },
  {
    "id": "30311df8-4aaa-43ec-b54e-080e0743e940",
    "data": [
      {
        "text": "Atención al cliente",
        "userDefined": false
      }
    ],
    "isTemplate": false,
    "count": 0,
    "lang": "es",
    "updated": 0
  },
  {
    "id": "773b685e-6df4-439c-9cf0-011c1a24dcd4",
    "data": [
      {
        "text": "Quiero comunicarme con ",
        "userDefined": false
      },
      {
        "text": "Atención al cliente",
        "userDefined": false
      }
    ],
    "isTemplate": false,
    "count": 0,
    "lang": "es",
    "updated": 0
  },
  {
    "id": "e66d9360-b174-413c-9819-21b8d2be4d05",
    "data": [
      {
        "text": "3",
        "userDefined": false
      }
    ],
    "isTemplate": false,
    "count": 0,
    "lang": "es",
    "updated": 0
  },
  {
    "id": "3680073c-9218-4ed6-ba2f-2a60fcdf4de1",
    "data": [
      {
        "text": "Opción tres",
        "userDefined": false
      }
    ],
    "isTemplate": false,
    "count": 0,
    "lang": "es",
    "updated": 0
  }
]