[
  {
    "id": "7cf8c9b0-e454-4328-9136-bc8bd5a44229",
    "data": [
      {
        "text": "Opción uno",
        "userDefined": false
      }
    ],
    "isTemplate": false,
    "count": 0,
    "lang": "es",
    "updated": 0
  },
  {
    "id": "6f1ab44b-47e5-4d0e-84ba-38038b690826",
    "data": [
      {
        "text": "Opción 1",
        "userDefined": false
      }
    ],
    "isTemplate": false,
    "count": 0,
    "lang": "es",
    "updated": 0
  },
  {
    "id": "f64367a7-7edd-4945-9f24-d6812d895d1e",
    "data": [
      {
        "text": "Número ",
        "userDefined": false
      },
      {
        "text": "1",
        "userDefined": false
      }
    ],
    "isTemplate": false,
    "count": 0,
    "lang": "es",
    "updated": 0
  },
  {
    "id": "92b11d1d-58ec-41bb-841a-b2edbf1afc10",
    "data": [
      {
        "text": "Número uno",
        "userDefined": false
      }
    ],
    "isTemplate": false,
    "count": 0,
    "lang": "es",
    "updated": 0
  },
  {
    "id": "5450bd61-663b-4fb5-ba9c-7114c879291b",
    "data": [
      {
        "text": "Comprar",
        "userDefined": false
      }
    ],
    "isTemplate": false,
    "count": 1,
    "lang": "es",
    "updated": 0
  },
  {
    "id": "de9b3523-05b0-40f6-a20c-36b02d57e0be",
    "data": [
      {
        "text": "Uno",
        "userDefined": false
      }
    ],
    "isTemplate": false,
    "count": 0,
    "lang": "es",
    "updated": 0
  },
  {
    "id": "20d578d0-046a-442b-9ce8-7817bba30dce",
    "data": [
      {
        "text": "1",
        "userDefined": false
      }
    ],
    "isTemplate": false,
    "count": 0,
    "lang": "es",
    "updated": 0
  },
  {
    "id": "e919b3ab-2435-4d12-8169-2a018f628553",
    "data": [
      {
        "text": "Me gustaría obtener ",
        "userDefined": false
      },
      {
        "text": "un",
        "userDefined": false
      },
      {
        "text": " producto",
        "userDefined": false
      }
    ],
    "isTemplate": false,
    "count": 0,
    "lang": "es",
    "updated": 0
  },
  {
    "id": "9f5737ac-49b1-4971-95b4-0abc64f54e58",
    "data": [
      {
        "text": "Me gustaría comprar un producto",
        "userDefined": false
      }
    ],
    "isTemplate": false,
    "count": 0,
    "lang": "es",
    "updated": 0
  },
  {
    "id": "2004ce03-c812-4ceb-8430-b7e2747e98a1",
    "data": [
      {
        "text": "Quiero comprar ",
        "userDefined": false
      },
      {
        "text": "un",
        "userDefined": false
      },
      {
        "text": " producto",
        "userDefined": false
      }
    ],
    "isTemplate": false,
    "count": 0,
    "lang": "es",
    "updated": 0
  },
  {
    "id": "77112f7d-6e19-4233-87d8-1c8ab0b9757e",
    "data": [
      {
        "text": "Comprar ",
        "userDefined": false
      },
      {
        "text": "un",
        "userDefined": false
      },
      {
        "text": " producto",
        "userDefined": false
      }
    ],
    "isTemplate": false,
    "count": 0,
    "lang": "es",
    "updated": 0
  }
]