[
  {
    "id": "f21e7eed-5034-48b5-9d8e-4a57492ed83b",
    "data": [
      {
        "text": "Número ",
        "userDefined": false
      },
      {
        "text": "dos",
        "userDefined": false
      }
    ],
    "isTemplate": false,
    "count": 0,
    "lang": "es",
    "updated": 0
  },
  {
    "id": "03c7e6b6-06ac-4cb1-a52e-da932cb2f665",
    "data": [
      {
        "text": "Número ",
        "userDefined": false
      },
      {
        "text": "2",
        "userDefined": false
      }
    ],
    "isTemplate": false,
    "count": 0,
    "lang": "es",
    "updated": 0
  },
  {
    "id": "341fd5be-9cdf-4c34-ae0e-52b747744ef7",
    "data": [
      {
        "text": "Quiero información de productos",
        "userDefined": false
      }
    ],
    "isTemplate": false,
    "count": 0,
    "lang": "es",
    "updated": 0
  },
  {
    "id": "02236414-4339-4167-a5ed-87b8f25c28e4",
    "data": [
      {
        "text": "Información de productos",
        "userDefined": false
      }
    ],
    "isTemplate": false,
    "count": 0,
    "lang": "es",
    "updated": 0
  },
  {
    "id": "9335a942-ab39-4666-9d19-59860aa0400a",
    "data": [
      {
        "text": "2",
        "userDefined": false
      }
    ],
    "isTemplate": false,
    "count": 0,
    "lang": "es",
    "updated": 0
  },
  {
    "id": "66bec33c-91b2-4224-9f8e-0e1b491644a5",
    "data": [
      {
        "text": "Opción ",
        "userDefined": false
      },
      {
        "text": "2",
        "userDefined": false
      }
    ],
    "isTemplate": false,
    "count": 0,
    "lang": "es",
    "updated": 0
  }
]