[
  {
    "id": "4c2888aa-5313-44b7-bb4d-fb623cc635fd",
    "data": [
      {
        "text": "Si",
        "userDefined": false
      }
    ],
    "isTemplate": false,
    "count": 0,
    "lang": "es",
    "updated": 0
  },
  {
    "id": "f86c3114-9054-455b-9698-7860806704a9",
    "data": [
      {
        "text": "Uno",
        "userDefined": false
      }
    ],
    "isTemplate": false,
    "count": 0,
    "lang": "es",
    "updated": 0
  },
  {
    "id": "9b3b4645-922b-4d84-b109-8366c700b130",
    "data": [
      {
        "text": "Opción ",
        "userDefined": false
      },
      {
        "text": "Uno",
        "userDefined": false
      }
    ],
    "isTemplate": false,
    "count": 0,
    "lang": "es",
    "updated": 0
  },
  {
    "id": "cc034abd-9ea8-41a3-9995-45b814ac31b6",
    "data": [
      {
        "text": "1",
        "userDefined": false
      }
    ],
    "isTemplate": false,
    "count": 0,
    "lang": "es",
    "updated": 0
  },
  {
    "id": "985e848d-4080-48dd-8bbc-4f79b8041d65",
    "data": [
      {
        "text": "1",
        "userDefined": false
      },
      {
        "text": ". Si",
        "userDefined": false
      }
    ],
    "isTemplate": false,
    "count": 0,
    "lang": "es",
    "updated": 0
  }
]