[
  {
    "id": "6f90dc09-3515-40cf-a864-a284298c0b05",
    "data": [
      {
        "text": "Quiero la zona de ",
        "userDefined": false
      },
      {
        "text": "Managua",
        "meta": "@Cities",
        "alias": "Cities",
        "userDefined": true
      }
    ],
    "isTemplate": false,
    "count": 0,
    "lang": "es",
    "updated": 0
  },
  {
    "id": "79e28362-1817-48c5-afdc-d33fa950df86",
    "data": [
      {
        "text": "Managua",
        "meta": "@Cities",
        "alias": "Cities",
        "userDefined": false
      }
    ],
    "isTemplate": false,
    "count": 0,
    "lang": "es",
    "updated": 0
  }
]